{
  "btcopilot:52": 1773108132.400276,
  "btcopilot:70": 1773111899.923223
}