{
  "btcopilot:52": 1773108132.400276,
  "btcopilot:70": 1773111899.923223,
  "familydiagram:118": 1773191506.0662308,
  "familydiagram:117": 1773191604.5441012,
  "familydiagram:98": 1773191607.5256805,
  "familydiagram:74": 1773191610.19575,
  "btcopilot:63": 1773191616.609277,
  "btcopilot:50": 1773191621.21867
}